,Approach,Classifier,Flavor,identity_hate,insult,obscene,severe_toxic,threat,toxic
0,ngram,logistic,tensorflow-ADAM,0.916428492308,0.936426395288,0.9528478917,0.948595320654,0.914285610694,0.939674354348
1,ngram,logistic,keras-SGD,0.925558490957,0.944153514557,0.952081916591,0.967762915669,0.938502250012,0.878589745969
2,ngram,Logistic,sklearn-SAG,0.968117579092,0.973444295561,0.982830434016,0.983188081179,0.983400978735,0.965726691451
3,ngram,sigmoid,tensorflow-ADAM,0.926884949127,0.950077484053,0.962329550636,0.958062347498,0.918095714617,0.94869462328
