,Approach,Classifier,Flavor,identity_hate,insult,obscene,severe_toxic,threat,toxic
1,ngram,logistic,keras-SGD,0.925558490957,0.944153514557,0.952081916591,0.967762915669,0.938502250012,0.878589745969
2,ngram,Logistic,sklearn-SAG,0.968117579092,0.973444295561,0.982830434016,0.983188081179,0.983400978735,0.965726691451
4,ngram,logistic,tensorflow-ADAM,0.964743949023,0.971413046925,0.981188414194,0.982572305124,0.980077237996,0.960779953365
4,ngram,sigmoid,tensorflow-ADAM,0.958556445609,0.962696931759,0.974132967578,0.981183431848,0.979036141084,0.944754860803
