,Approach,Classifier,Flavor,identity_hate,insult,obscene,severe_toxic,threat,toxic
1,ngram,logistic,keras-SGD,0.925558491,0.9441535146,0.9520819166,0.9677629157,0.93850225,0.878589746
2,ngram,Logistic,sklearn-SAG,0.9681175791,0.9734442956,0.982830434,0.9831880812,0.9834009787,0.9657266915
4,ngram,sigmoid,tensorflow-ADAM,0.9584026189,0.9627446321,0.97406787,0.9811471952,0.9789713963,0.9447015101
5,ngram,rf,sklearn-SAG,0.9320284706,0.9629687098,0.9791609073,0.9635766738,0.8915988486,0.9514062293
6,rnn,logistic,tensorflow-ADAM,0.611308733,0.6406646286,0.635166426,0.6805355309,0.6956968685,0.6170645755
7,ngram,logistic,sklearn-SAG,0.9681175791,0.9734442956,0.982830434,0.9831880812,0.9834009787,0.9657266915
7,ngram,logistic,tensorflow-ADAM-nettype=zero,0.96496880242,0.971486566221,0.981188453948,0.982446290425,0.979692049404,0.960832945897
