,Approach,Classifier,Flavor,identity_hate,insult,obscene,severe_toxic,threat,toxic
1,ngram,logistic,keras-SGD,0.925558490957,0.944153514557,0.952081916591,0.967762915669,0.938502250012,0.878589745969
2,ngram,Logistic,sklearn-SAG,0.968117579092,0.973444295561,0.982830434016,0.983188081179,0.983400978735,0.965726691451
4,ngram,logistic,tensorflow-ADAM,0.96496880242,0.971486211106,0.981188434071,0.982445994616,0.979692049404,0.960832884342
4,ngram,sigmoid,tensorflow-ADAM,0.958402618912,0.962744632089,0.97406786998,0.981147195226,0.978971396251,0.944701510138
