,adapt_lr,attn,batch_size,bd,cell,dense_drop,embed_drop,embeds,hidden_size,identity_hate,insult,max_length,nepochs,obscene,severe_toxic,sigmoid,threat,toxic,weight_reg
1,False,False,,False,lstm,0.0,0.0,ours,80.0,0.9654685319107208,0.976080169643138,50.0,3,0.9803105109702274,0.9835391080407434,True,0.9665597254680964,0.9637632090459448,0
2,,,100.0,,,,,,,0.9197917861960354,0.9618683643848174,,50,0.9694449566118049,0.9633372163214868,False,0.9116678476124178,0.9582894498842524,0
2,,,100.0,,,,,,,0.9139041425866807,0.9602380408368304,,50,0.967968861125575,0.9579224297684978,True,0.9067185799369057,0.9578071339116454,0
