,Approach,Classifier,Flavor,identity_hate,insult,obscene,severe_toxic,threat,toxic
0,ngram,logistic,keras-SGD,0.925558491,0.9441535146,0.9520819166,0.9677629157,0.93850225,0.878589746
1,ngram,Logistic,sklearn-SAG,0.9681175791,0.9734442956,0.982830434,0.9831880812,0.9834009787,0.9657266915
2,ngram,sigmoid,tensorflow-ADAM,0.9584026189,0.9627446321,0.97406787,0.9811471952,0.9789713963,0.9447015101
3,ngram,rf,sklearn-SAG,0.9320284706,0.9629687098,0.9791609073,0.9635766738,0.8915988486,0.9514062293
4,rnn,logistic,tensorflow-ADAM,0.611308733,0.6406646286,0.6351664260000001,0.6805355309000001,0.6956968684999999,0.6170645754999999
7,GRU-perclass,logistic,pooled,0.973996448968,0.975980920119,0.980085094706,0.987309172432,0.982754341596,0.970183821128
7,GRU-perclass,logistic,pooled-attention,0.973393689441,0.974665322041,0.979959969564,0.9878169492,0.982514857556,0.970075422912
8,ngram,logistic,sklearn-SAG,0.7467020948952088,0.7048046734667472,0.7017186024247394,0.747200264966119,0.7568061494814888,0.6709023181003664
