,Approach,Classifier,Flavor,identity_hate,insult,obscene,severe_toxic,threat,toxic
1,ngram,logistic,keras-SGD,0.925558490957,0.944153514557,0.952081916591,0.967762915669,0.938502250012,0.878589745969
2,ngram,Logistic,sklearn-SAG,0.968117579092,0.973444295561,0.982830434016,0.983188081179,0.983400978735,0.965726691451
4,ngram,sigmoid,tensorflow-ADAM,0.958402618912,0.962744632089,0.97406786998,0.981147195226,0.978971396251,0.944701510138
5,ngram,rf,sklearn-SAG,0.932028470597,0.962968709795,0.979160907269,0.963576673831,0.891598848612,0.951406229285
5,ngram,logistic,tensorflow-ADAM,0.964968691873,0.971486482664,0.981188424132,0.982447818772,0.979692394709,0.960832906726
6,ngram,logistic,tensorflow-ADAM-1layer,0.957212576225,0.965165849463,0.976103705423,0.980950679345,0.97770498732,0.957777212997
